Fonte de Recursos,Receita,Arrecadado,id_fonte,nome_fonte,arrecadado_brl
001 - TESOURO-DOT.INICIAL E CRED.SUPLEMENTAR,11130111 - IRRF - IMP.RENDA PESSOA FISICA-PRINCIPAL,"4267858335,83",1.0,TESOURO-DOT.INICIAL E CRED.SUPLEMENTAR,22173231197.971184
001 - TESOURO-DOT.INICIAL E CRED.SUPLEMENTAR,11130311 - IRRF-IMP. RENDA RET. FTE-TRABALHO-PRINCIPAL,"4323772997,93",1.0,TESOURO-DOT.INICIAL E CRED.SUPLEMENTAR,22463730233.445526
001 - TESOURO-DOT.INICIAL E CRED.SUPLEMENTAR,11130341 - IRRF-OUTROS RENDIMENTOS-PRINCIPAL,"123071158,14",1.0,TESOURO-DOT.INICIAL E CRED.SUPLEMENTAR,639403895.000556
001 - TESOURO-DOT.INICIAL E CRED.SUPLEMENTAR,11180121 - IPVA - IMP. PROPR. VEIC. AUTOM  - PRINCIPAL,"8202995933,47",1.0,TESOURO-DOT.INICIAL E CRED.SUPLEMENTAR,42617845072.75004
001 - TESOURO-DOT.INICIAL E CRED.SUPLEMENTAR,11180122 - IPVA - MULTAS E  JUROS,"6927,39",1.0,TESOURO-DOT.INICIAL E CRED.SUPLEMENTAR,35990.562006
001 - TESOURO-DOT.INICIAL E CRED.SUPLEMENTAR,11180123 - IPVA - DIVIDA ATIVA,"235614546,72",1.0,TESOURO-DOT.INICIAL E CRED.SUPLEMENTAR,1224111816.029088
001 - TESOURO-DOT.INICIAL E CRED.SUPLEMENTAR,11180124 - IPVA - MULTA E JUROS-DIVIDA ATIVA,"401195,68",1.0,TESOURO-DOT.INICIAL E CRED.SUPLEMENTAR,2084372.035872
001 - TESOURO-DOT.INICIAL E CRED.SUPLEMENTAR,11180131 - ITCMD-IMP.TRA.CAUSA MORTIS/DOACAO-PRINCIPAL,"3158253957,69",1.0,TESOURO-DOT.INICIAL E CRED.SUPLEMENTAR,16408392611.782627
001 - TESOURO-DOT.INICIAL E CRED.SUPLEMENTAR,11180132 - ITCMD - MULTAS E JUROS,"218862721,73",1.0,TESOURO-DOT.INICIAL E CRED.SUPLEMENTAR,1137079384.476042
001 - TESOURO-DOT.INICIAL E CRED.SUPLEMENTAR,11180133 - ITCMD - DIVIDA ATIVA,"8067099,83",1.0,TESOURO-DOT.INICIAL E CRED.SUPLEMENTAR,41911810.456782006
001 - TESOURO-DOT.INICIAL E CRED.SUPLEMENTAR,11180134 - ITCMD - DIVIDA ATIVA - MULTAS E JUROS,"12176510,96",1.0,TESOURO-DOT.INICIAL E CRED.SUPLEMENTAR,63261845.04158401
001 - TESOURO-DOT.INICIAL E CRED.SUPLEMENTAR,11180211 - ICMS - PRINCIPAL,"107251547629,75",1.0,TESOURO-DOT.INICIAL E CRED.SUPLEMENTAR,557214690555.6031
001 - TESOURO-DOT.INICIAL E CRED.SUPLEMENTAR,11180212 - ICMS - MULTAS E JUROS,"1664601065,05",1.0,TESOURO-DOT.INICIAL E CRED.SUPLEMENTAR,8648268373.36077
001 - TESOURO-DOT.INICIAL E CRED.SUPLEMENTAR,11180213 - ICMS - DIVIDA ATIVA,"1807508819,34",1.0,TESOURO-DOT.INICIAL E CRED.SUPLEMENTAR,9390731319.999037
001 - TESOURO-DOT.INICIAL E CRED.SUPLEMENTAR,11180214 - ICMS - DIVIDA ATIVA - MULTAS E JUROS,"553017110,44",1.0,TESOURO-DOT.INICIAL E CRED.SUPLEMENTAR,2873145095.5799766
001 - TESOURO-DOT.INICIAL E CRED.SUPLEMENTAR,11180221 - ADIC. ICMS-FUNDO EST. COMB. POBREZA PRINCIPA,"696063871,22",1.0,TESOURO-DOT.INICIAL E CRED.SUPLEMENTAR,3616330236.5363884
001 - TESOURO-DOT.INICIAL E CRED.SUPLEMENTAR,11180222 - ADIC.ICMS-FUNDO.EST.COMB.POBREZA MULTA /JURO,"159345,51",1.0,TESOURO-DOT.INICIAL E CRED.SUPLEMENTAR,827863.6626540001
001 - TESOURO-DOT.INICIAL E CRED.SUPLEMENTAR,11220111 - TAXA PELA  PRESTACAO DE SERVICOS-PRINCIPAL,"4360882904,65",1.0,TESOURO-DOT.INICIAL E CRED.SUPLEMENTAR,22656531042.818607
001 - TESOURO-DOT.INICIAL E CRED.SUPLEMENTAR,11220113 - TAXAS PELA PRESTACAO DE SERVICOS-DIVIDA ATIV,"1245193,71",1.0,TESOURO-DOT.INICIAL E CRED.SUPLEMENTAR,6469279.4009340005
001 - TESOURO-DOT.INICIAL E CRED.SUPLEMENTAR,11220114 - TX PRESTACAO SERVICOS-DIV. ATIVA-MULTAS/JURO,"407269,52",1.0,TESOURO-DOT.INICIAL E CRED.SUPLEMENTAR,2115928.064208
001 - TESOURO-DOT.INICIAL E CRED.SUPLEMENTAR,"11220211 - EMOLUMENTOS,CUSTAS JUDICIAIS - PRINCIPAL","378327459,8",1.0,TESOURO-DOT.INICIAL E CRED.SUPLEMENTAR,1965562484.64492
001 - TESOURO-DOT.INICIAL E CRED.SUPLEMENTAR,11280111 - TAXA DE FISCALIZACAO DE VIGIL,"3982496,76",1.0,TESOURO-DOT.INICIAL E CRED.SUPLEMENTAR,20690663.666904
001 - TESOURO-DOT.INICIAL E CRED.SUPLEMENTAR,11389911 - OUTRAS CONTRIBUICOES DE MELHORIA,"3,9",1.0,TESOURO-DOT.INICIAL E CRED.SUPLEMENTAR,20.26206
001 - TESOURO-DOT.INICIAL E CRED.SUPLEMENTAR,13100111 - ALUGUEIS E ARRENDAMENTOS - PRINCIPAL,"3055808,08",1.0,TESOURO-DOT.INICIAL E CRED.SUPLEMENTAR,15876145.298832001
001 - TESOURO-DOT.INICIAL E CRED.SUPLEMENTAR,13210011 - REMUNERACAO  DEPOSITOS BANCARIOS - PRINCIPAL,"707403202,29",1.0,TESOURO-DOT.INICIAL E CRED.SUPLEMENTAR,3675242597.177466
001 - TESOURO-DOT.INICIAL E CRED.SUPLEMENTAR,13210041 - REMUNERACAO RECURSOS RPPS-PRINCIPAL,"6113,94",1.0,TESOURO-DOT.INICIAL E CRED.SUPLEMENTAR,31764.363876
001 - TESOURO-DOT.INICIAL E CRED.SUPLEMENTAR,13210061 - JUROS SOBRE O CAPITAL PROPRIO - PRINCIPAL,"570807015,25",1.0,TESOURO-DOT.INICIAL E CRED.SUPLEMENTAR,2965570767.02985
001 - TESOURO-DOT.INICIAL E CRED.SUPLEMENTAR,13220011 - DIVIDENDOS - PRINCIPAL,"208650721,85",1.0,TESOURO-DOT.INICIAL E CRED.SUPLEMENTAR,1084023960.29949
001 - TESOURO-DOT.INICIAL E CRED.SUPLEMENTAR,13310311 - DELEG.P/PREST.DOS SERV.DE TRANSP.METROV-PRIN,"5255629,84",1.0,TESOURO-DOT.INICIAL E CRED.SUPLEMENTAR,27305099.270736
001 - TESOURO-DOT.INICIAL E CRED.SUPLEMENTAR,13320111 - DELEG.EXPL. TRANSP.RODOV.SETOR PRIVADO-PRINC,"226111,1",1.0,TESOURO-DOT.INICIAL E CRED.SUPLEMENTAR,1174737.6089400002
001 - TESOURO-DOT.INICIAL E CRED.SUPLEMENTAR,13600111 - CESSAO DIREITO OPERACIONAL.PAGTOS- PRINCIPAL,"1033113234,01",1.0,TESOURO-DOT.INICIAL E CRED.SUPLEMENTAR,5367436495.975554
001 - TESOURO-DOT.INICIAL E CRED.SUPLEMENTAR,16400111 - RETORNO OPERACOES/JUROS/ ENC.FIN.-PRINCIPAL,"627709,77",1.0,TESOURO-DOT.INICIAL E CRED.SUPLEMENTAR,3261203.339058
001 - TESOURO-DOT.INICIAL E CRED.SUPLEMENTAR,16909911 - OUTROS SERVICOS - PRINCIPAL,"7850,29",1.0,TESOURO-DOT.INICIAL E CRED.SUPLEMENTAR,40785.396666
001 - TESOURO-DOT.INICIAL E CRED.SUPLEMENTAR,17180111 - COTA-PARTE FDO PARTICIPACAO  EST/DF-PRINCIPA,"960716946,51",1.0,TESOURO-DOT.INICIAL E CRED.SUPLEMENTAR,4991308823.898054
001 - TESOURO-DOT.INICIAL E CRED.SUPLEMENTAR,17180161 - COTA-PARTE IPI-ESTADO EXP.PROD.IND- PRINCIPA,"802778522,61",1.0,TESOURO-DOT.INICIAL E CRED.SUPLEMENTAR,4170755536.3679943
001 - TESOURO-DOT.INICIAL E CRED.SUPLEMENTAR,17180181 - COTA-PARTE IOF-IMP.OPER.FINANCEIRA- PRINCIPA,"349778,63",1.0,TESOURO-DOT.INICIAL E CRED.SUPLEMENTAR,1817239.894302
001 - TESOURO-DOT.INICIAL E CRED.SUPLEMENTAR,17180351 - TRANSFERENCIA REC.SUS-GESTAO SUS - PRINCIPAL,"2490,1",1.0,TESOURO-DOT.INICIAL E CRED.SUPLEMENTAR,12937.06554
001 - TESOURO-DOT.INICIAL E CRED.SUPLEMENTAR,17189911 - OUTRAS TRANSFERENCIAS DA UNIAO - PRINCIPAL,"308197299,2",1.0,TESOURO-DOT.INICIAL E CRED.SUPLEMENTAR,1601208248.26368
001 - TESOURO-DOT.INICIAL E CRED.SUPLEMENTAR,17289911 - OUTRAS TRANSFERENCIAS DOS ESTADOS - PRINCIPA,"2,85",1.0,TESOURO-DOT.INICIAL E CRED.SUPLEMENTAR,14.806890000000001
001 - TESOURO-DOT.INICIAL E CRED.SUPLEMENTAR,19100111 - MULTAS PREVISTAS LEG. ESPECIFICA-PRINCIPAL,"21972679,85",1.0,TESOURO-DOT.INICIAL E CRED.SUPLEMENTAR,114156860.89269002
001 - TESOURO-DOT.INICIAL E CRED.SUPLEMENTAR,19229911 - OUTRAS RESTITUIC,"28016,35",1.0,TESOURO-DOT.INICIAL E CRED.SUPLEMENTAR,145556.14479
001 - TESOURO-DOT.INICIAL E CRED.SUPLEMENTAR,19280111 - INDENIZAC,"250830,99",1.0,TESOURO-DOT.INICIAL E CRED.SUPLEMENTAR,1303167.325446
001 - TESOURO-DOT.INICIAL E CRED.SUPLEMENTAR,19280291 - OUTRAS RESTITUICOES-ESPECIF.E/DF/M-PRINCIPAL,"235946815,49",1.0,TESOURO-DOT.INICIAL E CRED.SUPLEMENTAR,1225838085.196746
001 - TESOURO-DOT.INICIAL E CRED.SUPLEMENTAR,19280311 - RESSARCIMENTO-ESPECIF.E/DF/M-PRINCIPAL,9884963,1.0,TESOURO-DOT.INICIAL E CRED.SUPLEMENTAR,51356336.7702
001 - TESOURO-DOT.INICIAL E CRED.SUPLEMENTAR,19909911 - OUTRAS RECEITAS - PRIMARIAS - PRINCIPAL,"143888186,35",1.0,TESOURO-DOT.INICIAL E CRED.SUPLEMENTAR,747556683.36279
001 - TESOURO-DOT.INICIAL E CRED.SUPLEMENTAR,19909912 - OUTRAS RECEITAS - PRIMARIAS - MULTAS E JUROS,"4289,36",1.0,TESOURO-DOT.INICIAL E CRED.SUPLEMENTAR,22284.940943999998
001 - TESOURO-DOT.INICIAL E CRED.SUPLEMENTAR,19909913 - OUTRAS RECEITAS - PRIMARIAS - DIVIDA ATIVA,"3903171,51",1.0,TESOURO-DOT.INICIAL E CRED.SUPLEMENTAR,20278537.263054
001 - TESOURO-DOT.INICIAL E CRED.SUPLEMENTAR,19909914 - OUTRAS REC-PRIMARIAS-DIV.ATIVA-MULTAS/JUROS,"114006,37",1.0,TESOURO-DOT.INICIAL E CRED.SUPLEMENTAR,592308.694698
001 - TESOURO-DOT.INICIAL E CRED.SUPLEMENTAR,19909921 - OUTRAS RECEITAS - FINANCEIRAS - PRINCIPAL,0,1.0,TESOURO-DOT.INICIAL E CRED.SUPLEMENTAR,0.0
001 - TESOURO-DOT.INICIAL E CRED.SUPLEMENTAR,22130011 - ALIENACAO BENS MOVEIS/SEMOVENTES- PRINCIPAL,"229090055,67",1.0,TESOURO-DOT.INICIAL E CRED.SUPLEMENTAR,1190214475.227918
001 - TESOURO-DOT.INICIAL E CRED.SUPLEMENTAR,22180121 - ALIENACAO INVESTIMENTOS PERMANENTES-PRINCIPA,"11,43",1.0,TESOURO-DOT.INICIAL E CRED.SUPLEMENTAR,59.383422
001 - TESOURO-DOT.INICIAL E CRED.SUPLEMENTAR,22200011 - ALIENACAO DE BENS IMOVEIS - PRINCIPAL,"1347336,89",1.0,TESOURO-DOT.INICIAL E CRED.SUPLEMENTAR,6999954.078306
001 - TESOURO-DOT.INICIAL E CRED.SUPLEMENTAR,23000611 - AMORTIZACAO EMPRESTIMO CONTRATUAL-PRINCIPAL,"1536149,52",1.0,TESOURO-DOT.INICIAL E CRED.SUPLEMENTAR,7980911.216208001
001 - TESOURO-DOT.INICIAL E CRED.SUPLEMENTAR,29900011 - DEMAIS RECEITAS DE CAPITAL - PRINCIPAL,"2841347437,1",1.0,TESOURO-DOT.INICIAL E CRED.SUPLEMENTAR,14761936474.709341
001 - TESOURO-DOT.INICIAL E CRED.SUPLEMENTAR,79229911 - OUTRAS RESTITUICOES-PRINC INTRAORCAMENTARIAS,0,1.0,TESOURO-DOT.INICIAL E CRED.SUPLEMENTAR,0.0
001 - TESOURO-DOT.INICIAL E CRED.SUPLEMENTAR,89100011 - INTEGRALIZACAO CAPITAL SOCIAL-PRINCIPAL INTR,0,1.0,TESOURO-DOT.INICIAL E CRED.SUPLEMENTAR,0.0
002 - RECURSOS VINCULADOS ESTADUAIS,11130111 - IRRF - IMP.RENDA PESSOA FISICA-PRINCIPAL,"11386,74",2.0,RECURSOS VINCULADOS ESTADUAIS,59158.668996
002 - RECURSOS VINCULADOS ESTADUAIS,11180121 - IPVA - IMP. PROPR. VEIC. AUTOM  - PRINCIPAL,"8202995933,47",2.0,RECURSOS VINCULADOS ESTADUAIS,42617845072.75004
002 - RECURSOS VINCULADOS ESTADUAIS,11180122 - IPVA - MULTAS E  JUROS,"6927,39",2.0,RECURSOS VINCULADOS ESTADUAIS,35990.562006
002 - RECURSOS VINCULADOS ESTADUAIS,11180123 - IPVA - DIVIDA ATIVA,"235614546,73",2.0,RECURSOS VINCULADOS ESTADUAIS,1224111816.081042
002 - RECURSOS VINCULADOS ESTADUAIS,11180124 - IPVA - MULTA E JUROS-DIVIDA ATIVA,"401195,68",2.0,RECURSOS VINCULADOS ESTADUAIS,2084372.035872
002 - RECURSOS VINCULADOS ESTADUAIS,11180211 - ICMS - PRINCIPAL,"35750515876,59",2.0,RECURSOS VINCULADOS ESTADUAIS,185738230185.2357
002 - RECURSOS VINCULADOS ESTADUAIS,11180212 - ICMS - MULTAS E JUROS,"554867021,69",2.0,RECURSOS VINCULADOS ESTADUAIS,2882756124.4882264
002 - RECURSOS VINCULADOS ESTADUAIS,11180213 - ICMS - DIVIDA ATIVA,"602502939,79",2.0,RECURSOS VINCULADOS ESTADUAIS,3130243773.384966
002 - RECURSOS VINCULADOS ESTADUAIS,11180214 - ICMS - DIVIDA ATIVA - MULTAS E JUROS,"184339036,82",2.0,RECURSOS VINCULADOS ESTADUAIS,957715031.894628
002 - RECURSOS VINCULADOS ESTADUAIS,11220111 - TAXA PELA  PRESTACAO DE SERVICOS-PRINCIPAL,"991807267,56",2.0,RECURSOS VINCULADOS ESTADUAIS,5152835477.881224
002 - RECURSOS VINCULADOS ESTADUAIS,11220113 - TAXAS PELA PRESTACAO DE SERVICOS-DIVIDA ATIV,"2919700,05",2.0,RECURSOS VINCULADOS ESTADUAIS,15169009.63977
002 - RECURSOS VINCULADOS ESTADUAIS,11220114 - TX PRESTACAO SERVICOS-DIV. ATIVA-MULTAS/JURO,"950470,92",2.0,RECURSOS VINCULADOS ESTADUAIS,4938076.617768001
002 - RECURSOS VINCULADOS ESTADUAIS,"11220211 - EMOLUMENTOS,CUSTAS JUDICIAIS - PRINCIPAL","894731275,48",2.0,RECURSOS VINCULADOS ESTADUAIS,4648486868.628793
002 - RECURSOS VINCULADOS ESTADUAIS,11280191 - TAXAS DE INSPEC.CONTROLE E FISCALIZAC -OUTRA,"31638,83",2.0,RECURSOS VINCULADOS ESTADUAIS,164376.377382
002 - RECURSOS VINCULADOS ESTADUAIS,12109911 - OUTRAS CONTRIBUIC,"22906039,53",2.0,RECURSOS VINCULADOS ESTADUAIS,119006037.77416201
002 - RECURSOS VINCULADOS ESTADUAIS,12180111 - CPSSS - SERVIDOR CIVIL  ATIVO - PRINCIPAL,"29146893,48",2.0,RECURSOS VINCULADOS ESTADUAIS,151429770.38599202
002 - RECURSOS VINCULADOS ESTADUAIS,12180113 - CONTRIB.REG.GER.PREV.SOC-RGPS-DIVIDA ATIVA,"150285,63",2.0,RECURSOS VINCULADOS ESTADUAIS,780793.962102
002 - RECURSOS VINCULADOS ESTADUAIS,13210011 - REMUNERACAO  DEPOSITOS BANCARIOS - PRINCIPAL,"46029392,34",2.0,RECURSOS VINCULADOS ESTADUAIS,239141104.96323603
002 - RECURSOS VINCULADOS ESTADUAIS,13310211 - DELEG.P/PREST.SERV.TRANSP.FERROVIARIO-PRINC,"35717,18",2.0,RECURSOS VINCULADOS ESTADUAIS,185565.036972
002 - RECURSOS VINCULADOS ESTADUAIS,13310311 - DELEG.P/PREST.DOS SERV.DE TRANSP.METROV-PRIN,"3229480,4",2.0,RECURSOS VINCULADOS ESTADUAIS,16778442.47016
002 - RECURSOS VINCULADOS ESTADUAIS,13320111 - DELEG.EXPL. TRANSP.RODOV.SETOR PRIVADO-PRINC,0,2.0,RECURSOS VINCULADOS ESTADUAIS,0.0
002 - RECURSOS VINCULADOS ESTADUAIS,16100111 - SERVICO ADMINISTRATIVO/COML.GERAL -PRINCIPAL,"1491644,76",2.0,RECURSOS VINCULADOS ESTADUAIS,7749691.186104001
002 - RECURSOS VINCULADOS ESTADUAIS,16909911 - OUTROS SERVICOS - PRINCIPAL,"210250633,38",2.0,RECURSOS VINCULADOS ESTADUAIS,1092336140.662452
002 - RECURSOS VINCULADOS ESTADUAIS,17180161 - COTA-PARTE IPI-ESTADO EXP.PROD.IND- PRINCIPA,"267592840,93",2.0,RECURSOS VINCULADOS ESTADUAIS,1390251845.7677221
002 - RECURSOS VINCULADOS ESTADUAIS,17180211 - COTA-PARTE COMPENSACAO FIN.REC. HIDRICO-PRIN,"55235470,48",2.0,RECURSOS VINCULADOS ESTADUAIS,286970363.331792
002 - RECURSOS VINCULADOS ESTADUAIS,17180221 - COTA-PARTE COMPENSACAO FIN.REC.MINERAL-PRINC,"8055862,69",2.0,RECURSOS VINCULADOS ESTADUAIS,41853429.01962601
002 - RECURSOS VINCULADOS ESTADUAIS,17180231 - COTA-PARTE ROYALTIE-COMP.FIN.PROD.PETR-PRINC,"683579087,04",2.0,RECURSOS VINCULADOS ESTADUAIS,3551466788.8076158
002 - RECURSOS VINCULADOS ESTADUAIS,17180251 - COTA-PARTE ROYALTIE-PART.ESPECIAL-PRINCIPAL,"1589590436,25",2.0,RECURSOS VINCULADOS ESTADUAIS,8258558152.493251
002 - RECURSOS VINCULADOS ESTADUAIS,19100111 - MULTAS PREVISTAS LEG. ESPECIFICA-PRINCIPAL,"1338959707,58",2.0,RECURSOS VINCULADOS ESTADUAIS,6956431264.761132
002 - RECURSOS VINCULADOS ESTADUAIS,19100611 - MULTA ADM.POR DANOS AMBIENTAIS-PRINCIPAL,"7567924,78",2.0,RECURSOS VINCULADOS ESTADUAIS,39318396.402012005
002 - RECURSOS VINCULADOS ESTADUAIS,19280111 - INDENIZAC,"307,05",2.0,RECURSOS VINCULADOS ESTADUAIS,1595.2475700000002
002 - RECURSOS VINCULADOS ESTADUAIS,19280291 - OUTRAS RESTITUICOES-ESPECIF.E/DF/M-PRINCIPAL,"1311941,53",2.0,RECURSOS VINCULADOS ESTADUAIS,6816061.024962001
002 - RECURSOS VINCULADOS ESTADUAIS,19280311 - RESSARCIMENTO-ESPECIF.E/DF/M-PRINCIPAL,"2066855,9",2.0,RECURSOS VINCULADOS ESTADUAIS,10738143.14286
002 - RECURSOS VINCULADOS ESTADUAIS,19909911 - OUTRAS RECEITAS - PRIMARIAS - PRINCIPAL,"520812,27",2.0,RECURSOS VINCULADOS ESTADUAIS,2705828.0675580003
002 - RECURSOS VINCULADOS ESTADUAIS,19909913 - OUTRAS RECEITAS - PRIMARIAS - DIVIDA ATIVA,"145796095,41",2.0,RECURSOS VINCULADOS ESTADUAIS,757469034.093114
002 - RECURSOS VINCULADOS ESTADUAIS,19909914 - OUTRAS REC-PRIMARIAS-DIV.ATIVA-MULTAS/JUROS,"3032507,55",2.0,RECURSOS VINCULADOS ESTADUAIS,15755089.72527
002 - RECURSOS VINCULADOS ESTADUAIS,19909921 - OUTRAS RECEITAS - FINANCEIRAS - PRINCIPAL,0,2.0,RECURSOS VINCULADOS ESTADUAIS,0.0
003 - RECURSOS VINCULADOS-FUNDO ESPECIAL DE DESPES,11130311 - IRRF-IMP. RENDA RET. FTE-TRABALHO-PRINCIPAL,"7010158,42",3.0,RECURSOS VINCULADOS-FUNDO ESPECIAL DE DESPES,36420577.055268005
003 - RECURSOS VINCULADOS-FUNDO ESPECIAL DE DESPES,11130341 - IRRF-OUTROS RENDIMENTOS-PRINCIPAL,1095,3.0,RECURSOS VINCULADOS-FUNDO ESPECIAL DE DESPES,5688.963000000001
003 - RECURSOS VINCULADOS-FUNDO ESPECIAL DE DESPES,11210411 - TAXA CONTROLE E FISCALIZ.AMBIENTAL-PRINCIPAL,"21107237,56",3.0,RECURSOS VINCULADOS-FUNDO ESPECIAL DE DESPES,109660542.019224
003 - RECURSOS VINCULADOS-FUNDO ESPECIAL DE DESPES,11220111 - TAXA PELA  PRESTACAO DE SERVICOS-PRINCIPAL,"480456620,99",3.0,RECURSOS VINCULADOS-FUNDO ESPECIAL DE DESPES,2496164328.6914463
003 - RECURSOS VINCULADOS-FUNDO ESPECIAL DE DESPES,"11220211 - EMOLUMENTOS,CUSTAS JUDICIAIS - PRINCIPAL",0,3.0,RECURSOS VINCULADOS-FUNDO ESPECIAL DE DESPES,0.0
003 - RECURSOS VINCULADOS-FUNDO ESPECIAL DE DESPES,12109911 - OUTRAS CONTRIBUIC,"1199707775,49",3.0,RECURSOS VINCULADOS-FUNDO ESPECIAL DE DESPES,6232961776.780746
003 - RECURSOS VINCULADOS-FUNDO ESPECIAL DE DESPES,13100111 - ALUGUEIS E ARRENDAMENTOS - PRINCIPAL,"22130333,28",3.0,RECURSOS VINCULADOS-FUNDO ESPECIAL DE DESPES,114975933.52291201
003 - RECURSOS VINCULADOS-FUNDO ESPECIAL DE DESPES,13109911 - OUTRAS RECEITAS IMOBILIARIAS - PRINCIPAL,"6516187,38",3.0,RECURSOS VINCULADOS-FUNDO ESPECIAL DE DESPES,33854199.914052
003 - RECURSOS VINCULADOS-FUNDO ESPECIAL DE DESPES,13210011 - REMUNERACAO  DEPOSITOS BANCARIOS - PRINCIPAL,"250762507,21",3.0,RECURSOS VINCULADOS-FUNDO ESPECIAL DE DESPES,1302811529.9588342
003 - RECURSOS VINCULADOS-FUNDO ESPECIAL DE DESPES,13290011 - OUTROS VALORES MOBILIARIOS - PRINCIPAL,"5723213,53",3.0,RECURSOS VINCULADOS-FUNDO ESPECIAL DE DESPES,29734383.573762003
003 - RECURSOS VINCULADOS-FUNDO ESPECIAL DE DESPES,13310211 - DELEG.P/PREST.SERV.TRANSP.FERROVIARIO-PRINC,"384396,57",3.0,RECURSOS VINCULADOS-FUNDO ESPECIAL DE DESPES,1997093.939778
003 - RECURSOS VINCULADOS-FUNDO ESPECIAL DE DESPES,13320111 - DELEG.EXPL. TRANSP.RODOV.SETOR PRIVADO-PRINC,"4196824,16",3.0,RECURSOS VINCULADOS-FUNDO ESPECIAL DE DESPES,21804180.240864
003 - RECURSOS VINCULADOS-FUNDO ESPECIAL DE DESPES,13600111 - CESSAO DIREITO OPERACIONAL.PAGTOS- PRINCIPAL,"2395883031,14",3.0,RECURSOS VINCULADOS-FUNDO ESPECIAL DE DESPES,12447570699.984756
003 - RECURSOS VINCULADOS-FUNDO ESPECIAL DE DESPES,14000011 - RECEITA AGROPECUARIA - PRINCIPAL,"5093465,03",3.0,RECURSOS VINCULADOS-FUNDO ESPECIAL DE DESPES,26462588.216862004
003 - RECURSOS VINCULADOS-FUNDO ESPECIAL DE DESPES,15000011 - RECEITA INDUSTRIAL - PRINCIPAL,"8281133,1",3.0,RECURSOS VINCULADOS-FUNDO ESPECIAL DE DESPES,43023798.90774
003 - RECURSOS VINCULADOS-FUNDO ESPECIAL DE DESPES,16100111 - SERVICO ADMINISTRATIVO/COML.GERAL -PRINCIPAL,"63888990,65",3.0,RECURSOS VINCULADOS-FUNDO ESPECIAL DE DESPES,331928862.02301
003 - RECURSOS VINCULADOS-FUNDO ESPECIAL DE DESPES,16100211 - INSCRICAO CONCURSO/PROC.SELETIVOS- PRINCIPAL,"36980698,23",3.0,RECURSOS VINCULADOS-FUNDO ESPECIAL DE DESPES,192129519.584142
003 - RECURSOS VINCULADOS-FUNDO ESPECIAL DE DESPES,16200111 - SERVICOS DE NAVEGACAO - PRINCIPAL,"3928726,51",3.0,RECURSOS VINCULADOS-FUNDO ESPECIAL DE DESPES,20411305.710054
003 - RECURSOS VINCULADOS-FUNDO ESPECIAL DE DESPES,16200211 - SERVICOS DE TRANSPORTE - PRINCIPAL,"1772612,33",3.0,RECURSOS VINCULADOS-FUNDO ESPECIAL DE DESPES,9209430.099282
003 - RECURSOS VINCULADOS-FUNDO ESPECIAL DE DESPES,16380111 - SERVICOS HOSPITALARES - PRINCIPAL,"13722,05",3.0,RECURSOS VINCULADOS-FUNDO ESPECIAL DE DESPES,71291.53857
003 - RECURSOS VINCULADOS-FUNDO ESPECIAL DE DESPES,16380121 - SERV.REGISTRO ANALISE E CONTROLE- PRINCIPAL,"199915,28",3.0,RECURSOS VINCULADOS-FUNDO ESPECIAL DE DESPES,1038639.845712
003 - RECURSOS VINCULADOS-FUNDO ESPECIAL DE DESPES,16909911 - OUTROS SERVICOS - PRINCIPAL,"298571751,89",3.0,RECURSOS VINCULADOS-FUNDO ESPECIAL DE DESPES,1551199679.769306
003 - RECURSOS VINCULADOS-FUNDO ESPECIAL DE DESPES,17481011 - OUTRA TRANSF.INST.PRIV. AO E/DF/M-PRINCIPAL,"52960273,65",3.0,RECURSOS VINCULADOS-FUNDO ESPECIAL DE DESPES,275149805.72121
003 - RECURSOS VINCULADOS-FUNDO ESPECIAL DE DESPES,17781011 - OUTRA TRANSF.CONV.EXTERIOR-ESPEC E/DF/M-PRIN,"2089869,57",3.0,RECURSOS VINCULADOS-FUNDO ESPECIAL DE DESPES,10857708.363978
003 - RECURSOS VINCULADOS-FUNDO ESPECIAL DE DESPES,19100111 - MULTAS PREVISTAS LEG. ESPECIFICA-PRINCIPAL,"31610790,29",3.0,RECURSOS VINCULADOS-FUNDO ESPECIAL DE DESPES,164230699.872666
003 - RECURSOS VINCULADOS-FUNDO ESPECIAL DE DESPES,19100611 - MULTA ADM.POR DANOS AMBIENTAIS-PRINCIPAL,"30672811,73",3.0,RECURSOS VINCULADOS-FUNDO ESPECIAL DE DESPES,159357526.062042
003 - RECURSOS VINCULADOS-FUNDO ESPECIAL DE DESPES,19100811 - MULTAS DECORRENTES SENTENCAS JUD-PRINCIPAL,"12904037,31",3.0,RECURSOS VINCULADOS-FUNDO ESPECIAL DE DESPES,67041635.44037401
003 - RECURSOS VINCULADOS-FUNDO ESPECIAL DE DESPES,19210111 - INDENIZACAO DANOS CAUSADOS A PATRIM.PUB-PRIN,"33309989,61",3.0,RECURSOS VINCULADOS-FUNDO ESPECIAL DE DESPES,173058720.01979402
003 - RECURSOS VINCULADOS-FUNDO ESPECIAL DE DESPES,19221011 - RESTITUICAO DECOR. NAO APLIC.INC.FISCAL-PRIN,"3574926,3",3.0,RECURSOS VINCULADOS-FUNDO ESPECIAL DE DESPES,18573172.09902
003 - RECURSOS VINCULADOS-FUNDO ESPECIAL DE DESPES,19229911 - OUTRAS RESTITUIC,"1389,62",3.0,RECURSOS VINCULADOS-FUNDO ESPECIAL DE DESPES,7219.631748
003 - RECURSOS VINCULADOS-FUNDO ESPECIAL DE DESPES,19280111 - INDENIZAC,"738676,62",3.0,RECURSOS VINCULADOS-FUNDO ESPECIAL DE DESPES,3837720.511548
003 - RECURSOS VINCULADOS-FUNDO ESPECIAL DE DESPES,19280291 - OUTRAS RESTITUICOES-ESPECIF.E/DF/M-PRINCIPAL,"119218233,99",3.0,RECURSOS VINCULADOS-FUNDO ESPECIAL DE DESPES,619386412.871646
003 - RECURSOS VINCULADOS-FUNDO ESPECIAL DE DESPES,19901211 - ENCARGOS LEGAIS INSCR. DIV.ATIVA-PRINCIPAL,"216857209,57",3.0,RECURSOS VINCULADOS-FUNDO ESPECIAL DE DESPES,1126659946.599978
003 - RECURSOS VINCULADOS-FUNDO ESPECIAL DE DESPES,19901221 - ONUS DE SUCUMBENCIA - PRINCIPAL,"97551,55",3.0,RECURSOS VINCULADOS-FUNDO ESPECIAL DE DESPES,506819.32287000003
003 - RECURSOS VINCULADOS-FUNDO ESPECIAL DE DESPES,19909911 - OUTRAS RECEITAS - PRIMARIAS - PRINCIPAL,"97284676,06",3.0,RECURSOS VINCULADOS-FUNDO ESPECIAL DE DESPES,505432806.002124
003 - RECURSOS VINCULADOS-FUNDO ESPECIAL DE DESPES,19909913 - OUTRAS RECEITAS - PRIMARIAS - DIVIDA ATIVA,"21909279,43",3.0,RECURSOS VINCULADOS-FUNDO ESPECIAL DE DESPES,113827470.350622
003 - RECURSOS VINCULADOS-FUNDO ESPECIAL DE DESPES,19909914 - OUTRAS REC-PRIMARIAS-DIV.ATIVA-MULTAS/JUROS,"60315,34",3.0,RECURSOS VINCULADOS-FUNDO ESPECIAL DE DESPES,313362.317436
003 - RECURSOS VINCULADOS-FUNDO ESPECIAL DE DESPES,19909921 - OUTRAS RECEITAS - FINANCEIRAS - PRINCIPAL,0,3.0,RECURSOS VINCULADOS-FUNDO ESPECIAL DE DESPES,0.0
003 - RECURSOS VINCULADOS-FUNDO ESPECIAL DE DESPES,22130011 - ALIENACAO BENS MOVEIS/SEMOVENTES- PRINCIPAL,"7688498,75",3.0,RECURSOS VINCULADOS-FUNDO ESPECIAL DE DESPES,39944826.40575
004 - REC.PROPRIO-ADM.IND.-DOT.INIC.CR.SUPL.,11220111 - TAXA PELA  PRESTACAO DE SERVICOS-PRINCIPAL,"1561242,11",4.0,REC.PROPRIO-ADM.IND.-DOT.INIC.CR.SUPL.,8111277.258294001
004 - REC.PROPRIO-ADM.IND.-DOT.INIC.CR.SUPL.,11280191 - TAXAS DE INSPEC.CONTROLE E FISCALIZAC -OUTRA,"69996622,87",4.0,REC.PROPRIO-ADM.IND.-DOT.INIC.CR.SUPL.,363660454.45879805
004 - REC.PROPRIO-ADM.IND.-DOT.INIC.CR.SUPL.,12100611 - CONTRIB.FDO ASSIST.MED.POL.MILITAR- PRINCIPA,"214881924,13",4.0,REC.PROPRIO-ADM.IND.-DOT.INIC.CR.SUPL.,1116397548.6250021
004 - REC.PROPRIO-ADM.IND.-DOT.INIC.CR.SUPL.,12100631 - CONTRIB.FDO ASSIST.MED.SERV.CIVIL- PRINCIPAL,"849245600,64",4.0,REC.PROPRIO-ADM.IND.-DOT.INIC.CR.SUPL.,4412170593.565056
004 - REC.PROPRIO-ADM.IND.-DOT.INIC.CR.SUPL.,12100691 - CONTRIB.FDO ASSIST.MED.OUTRO BENEF- PRINCIPA,"104489562,18",4.0,REC.PROPRIO-ADM.IND.-DOT.INIC.CR.SUPL.,542865071.349972
004 - REC.PROPRIO-ADM.IND.-DOT.INIC.CR.SUPL.,12109911 - OUTRAS CONTRIBUIC,0,4.0,REC.PROPRIO-ADM.IND.-DOT.INIC.CR.SUPL.,0.0
004 - REC.PROPRIO-ADM.IND.-DOT.INIC.CR.SUPL.,12180111 - CPSSS - SERVIDOR CIVIL  ATIVO - PRINCIPAL,"3029161327,28",4.0,REC.PROPRIO-ADM.IND.-DOT.INIC.CR.SUPL.,15737704759.750513
004 - REC.PROPRIO-ADM.IND.-DOT.INIC.CR.SUPL.,12180112 - CONTRIB.SERV.ATIVO CIVIL-RPPS - MULTAS/ JURO,"1716,48",4.0,REC.PROPRIO-ADM.IND.-DOT.INIC.CR.SUPL.,8917.800192
004 - REC.PROPRIO-ADM.IND.-DOT.INIC.CR.SUPL.,12180121 - CPSSS-SERV.CIVIL INATIVO - PRINCIPAL,"674498550,71",4.0,REC.PROPRIO-ADM.IND.-DOT.INIC.CR.SUPL.,3504289770.358734
004 - REC.PROPRIO-ADM.IND.-DOT.INIC.CR.SUPL.,12180131 - CPSSS-SERV.CIVIL PENSIONISTA - PRINCIPAL,"189042129,79",4.0,REC.PROPRIO-ADM.IND.-DOT.INIC.CR.SUPL.,982149481.110966
004 - REC.PROPRIO-ADM.IND.-DOT.INIC.CR.SUPL.,12180141 - CPSSS DE SENT.JUDICIAIS-SERV.CIVIL ATIVO,"111876755,07",4.0,REC.PROPRIO-ADM.IND.-DOT.INIC.CR.SUPL.,581244493.290678
004 - REC.PROPRIO-ADM.IND.-DOT.INIC.CR.SUPL.,12180511 - CONTRIBUICAO DO MILITAR ATIVO - PRINCIPAL,"573823046,29",4.0,REC.PROPRIO-ADM.IND.-DOT.INIC.CR.SUPL.,2981240254.695066
004 - REC.PROPRIO-ADM.IND.-DOT.INIC.CR.SUPL.,12180521 - CONTRIBUICAO DO MILITAR INATIVO - PRINCIPAL,"208369341,36",4.0,REC.PROPRIO-ADM.IND.-DOT.INIC.CR.SUPL.,1082562076.1017442
004 - REC.PROPRIO-ADM.IND.-DOT.INIC.CR.SUPL.,12180531 - CONTRIB. DOS PENSIONIS. MILITARES - PRINCIPA,"67073934,64",4.0,REC.PROPRIO-ADM.IND.-DOT.INIC.CR.SUPL.,348475920.028656
004 - REC.PROPRIO-ADM.IND.-DOT.INIC.CR.SUPL.,13100111 - ALUGUEIS E ARRENDAMENTOS - PRINCIPAL,"103788822,82",4.0,REC.PROPRIO-ADM.IND.-DOT.INIC.CR.SUPL.,539224450.079028
004 - REC.PROPRIO-ADM.IND.-DOT.INIC.CR.SUPL.,13210011 - REMUNERACAO  DEPOSITOS BANCARIOS - PRINCIPAL,"296789491,9",4.0,REC.PROPRIO-ADM.IND.-DOT.INIC.CR.SUPL.,1541940126.21726
004 - REC.PROPRIO-ADM.IND.-DOT.INIC.CR.SUPL.,13210041 - REMUNERACAO RECURSOS RPPS-PRINCIPAL,"18498969,71",4.0,REC.PROPRIO-ADM.IND.-DOT.INIC.CR.SUPL.,96109547.23133402
004 - REC.PROPRIO-ADM.IND.-DOT.INIC.CR.SUPL.,13220011 - DIVIDENDOS - PRINCIPAL,"350548,8",4.0,REC.PROPRIO-ADM.IND.-DOT.INIC.CR.SUPL.,1821241.23552
004 - REC.PROPRIO-ADM.IND.-DOT.INIC.CR.SUPL.,13320111 - DELEG.EXPL. TRANSP.RODOV.SETOR PRIVADO-PRINC,"434193298,02",4.0,REC.PROPRIO-ADM.IND.-DOT.INIC.CR.SUPL.,2255807860.533108
004 - REC.PROPRIO-ADM.IND.-DOT.INIC.CR.SUPL.,13320411 - DELEGACAO EXPL.INFRA AEROPORTUARIA-PRINCIPAL,"26964064,5",4.0,REC.PROPRIO-ADM.IND.-DOT.INIC.CR.SUPL.,140089100.7033
004 - REC.PROPRIO-ADM.IND.-DOT.INIC.CR.SUPL.,13450111 - OUTORGA DIREITO USO REC. HIDRICOS-PRINCIPAL,"2761855,93",4.0,REC.PROPRIO-ADM.IND.-DOT.INIC.CR.SUPL.,14348946.298722
004 - REC.PROPRIO-ADM.IND.-DOT.INIC.CR.SUPL.,13600111 - CESSAO DIREITO OPERACIONAL.PAGTOS- PRINCIPAL,"9175496,36",4.0,REC.PROPRIO-ADM.IND.-DOT.INIC.CR.SUPL.,47670373.788744
004 - REC.PROPRIO-ADM.IND.-DOT.INIC.CR.SUPL.,14000011 - RECEITA AGROPECUARIA - PRINCIPAL,"10627365,74",4.0,REC.PROPRIO-ADM.IND.-DOT.INIC.CR.SUPL.,55213415.965596005
004 - REC.PROPRIO-ADM.IND.-DOT.INIC.CR.SUPL.,15000011 - RECEITA INDUSTRIAL - PRINCIPAL,"112926178,35",4.0,REC.PROPRIO-ADM.IND.-DOT.INIC.CR.SUPL.,586696666.99959
004 - REC.PROPRIO-ADM.IND.-DOT.INIC.CR.SUPL.,16100111 - SERVICO ADMINISTRATIVO/COML.GERAL -PRINCIPAL,"53054362,6",4.0,REC.PROPRIO-ADM.IND.-DOT.INIC.CR.SUPL.,275638635.45204
004 - REC.PROPRIO-ADM.IND.-DOT.INIC.CR.SUPL.,16100211 - INSCRICAO CONCURSO/PROC.SELETIVOS- PRINCIPAL,"5753321,01",4.0,REC.PROPRIO-ADM.IND.-DOT.INIC.CR.SUPL.,29890803.975354
004 - REC.PROPRIO-ADM.IND.-DOT.INIC.CR.SUPL.,"16100311 - SERVICO REGISTRO,CERTIFIC,FISCAL.- PRINCIPAL","1419454,26",4.0,REC.PROPRIO-ADM.IND.-DOT.INIC.CR.SUPL.,7374632.662404001
004 - REC.PROPRIO-ADM.IND.-DOT.INIC.CR.SUPL.,16200211 - SERVICOS DE TRANSPORTE - PRINCIPAL,"1538119546,55",4.0,REC.PROPRIO-ADM.IND.-DOT.INIC.CR.SUPL.,7991146292.14587
004 - REC.PROPRIO-ADM.IND.-DOT.INIC.CR.SUPL.,16380111 - SERVICOS HOSPITALARES - PRINCIPAL,"3992508,08",4.0,REC.PROPRIO-ADM.IND.-DOT.INIC.CR.SUPL.,20742676.478832003
004 - REC.PROPRIO-ADM.IND.-DOT.INIC.CR.SUPL.,16380191 - OUTROS SERVICOS DE SAUDE - PRINCIPAL,"484421400,65",4.0,REC.PROPRIO-ADM.IND.-DOT.INIC.CR.SUPL.,2516762944.93701
004 - REC.PROPRIO-ADM.IND.-DOT.INIC.CR.SUPL.,16400111 - RETORNO OPERACOES/JUROS/ ENC.FIN.-PRINCIPAL,"2428693,02",4.0,REC.PROPRIO-ADM.IND.-DOT.INIC.CR.SUPL.,12618031.716108
004 - REC.PROPRIO-ADM.IND.-DOT.INIC.CR.SUPL.,16909911 - OUTROS SERVICOS - PRINCIPAL,"643316170,83",4.0,REC.PROPRIO-ADM.IND.-DOT.INIC.CR.SUPL.,3342284833.9301825
004 - REC.PROPRIO-ADM.IND.-DOT.INIC.CR.SUPL.,17281021 - TRANSF.CONVENIO ESTADO AO PROG.EDUCACAO-PRIN,"658227,7",4.0,REC.PROPRIO-ADM.IND.-DOT.INIC.CR.SUPL.,3419756.19258
004 - REC.PROPRIO-ADM.IND.-DOT.INIC.CR.SUPL.,17281091 - OUTRAS TRANSF.CONVENIOS ESTADO-PRINCIPAL,"6186776,8",4.0,REC.PROPRIO-ADM.IND.-DOT.INIC.CR.SUPL.,32142780.18672
004 - REC.PROPRIO-ADM.IND.-DOT.INIC.CR.SUPL.,17289911 - OUTRAS TRANSFERENCIAS DOS ESTADOS - PRINCIPA,"16899518,1",4.0,REC.PROPRIO-ADM.IND.-DOT.INIC.CR.SUPL.,87799756.33674002
004 - REC.PROPRIO-ADM.IND.-DOT.INIC.CR.SUPL.,17389911 - OUTRAS TRANSFERERENCIAS MUNIC. - PRINCIPAL,"628759,56",4.0,REC.PROPRIO-ADM.IND.-DOT.INIC.CR.SUPL.,3266657.4180240002
004 - REC.PROPRIO-ADM.IND.-DOT.INIC.CR.SUPL.,17481011 - OUTRA TRANSF.INST.PRIV. AO E/DF/M-PRINCIPAL,"124318817,64",4.0,REC.PROPRIO-ADM.IND.-DOT.INIC.CR.SUPL.,645885985.166856
004 - REC.PROPRIO-ADM.IND.-DOT.INIC.CR.SUPL.,17681011 - OUTRAS TRANSF.CONVENIOS EXTERIOR-PRINCIPAL,"22430,59",4.0,REC.PROPRIO-ADM.IND.-DOT.INIC.CR.SUPL.,116535.88728600001
004 - REC.PROPRIO-ADM.IND.-DOT.INIC.CR.SUPL.,17781011 - OUTRA TRANSF.CONV.EXTERIOR-ESPEC E/DF/M-PRIN,"45327,74",4.0,REC.PROPRIO-ADM.IND.-DOT.INIC.CR.SUPL.,235495.740396
004 - REC.PROPRIO-ADM.IND.-DOT.INIC.CR.SUPL.,19100111 - MULTAS PREVISTAS LEG. ESPECIFICA-PRINCIPAL,"77341242,59",4.0,REC.PROPRIO-ADM.IND.-DOT.INIC.CR.SUPL.,401818691.75208604
004 - REC.PROPRIO-ADM.IND.-DOT.INIC.CR.SUPL.,19100611 - MULTA ADM.POR DANOS AMBIENTAIS-PRINCIPAL,28533100,4.0,REC.PROPRIO-ADM.IND.-DOT.INIC.CR.SUPL.,148240867.74
004 - REC.PROPRIO-ADM.IND.-DOT.INIC.CR.SUPL.,19100911 - MULTAS JUROS PREVISTOS EM CONTRATOS-PRINCIPA,"351048,07",4.0,REC.PROPRIO-ADM.IND.-DOT.INIC.CR.SUPL.,1823835.1428780002
004 - REC.PROPRIO-ADM.IND.-DOT.INIC.CR.SUPL.,19210111 - INDENIZACAO DANOS CAUSADOS A PATRIM.PUB-PRIN,"116502,61",4.0,REC.PROPRIO-ADM.IND.-DOT.INIC.CR.SUPL.,605277.659994
004 - REC.PROPRIO-ADM.IND.-DOT.INIC.CR.SUPL.,19229911 - OUTRAS RESTITUIC,"9721809,09",4.0,REC.PROPRIO-ADM.IND.-DOT.INIC.CR.SUPL.,50508686.946186
004 - REC.PROPRIO-ADM.IND.-DOT.INIC.CR.SUPL.,19280111 - INDENIZAC,"1287071,87",4.0,REC.PROPRIO-ADM.IND.-DOT.INIC.CR.SUPL.,6686853.193398001
004 - REC.PROPRIO-ADM.IND.-DOT.INIC.CR.SUPL.,19280291 - OUTRAS RESTITUICOES-ESPECIF.E/DF/M-PRINCIPAL,"404127102,83",4.0,REC.PROPRIO-ADM.IND.-DOT.INIC.CR.SUPL.,2099601950.042982
004 - REC.PROPRIO-ADM.IND.-DOT.INIC.CR.SUPL.,19901211 - ENCARGOS LEGAIS INSCR. DIV.ATIVA-PRINCIPAL,"525667,57",4.0,REC.PROPRIO-ADM.IND.-DOT.INIC.CR.SUPL.,2731053.293178
004 - REC.PROPRIO-ADM.IND.-DOT.INIC.CR.SUPL.,19909911 - OUTRAS RECEITAS - PRIMARIAS - PRINCIPAL,"288815511,98",4.0,REC.PROPRIO-ADM.IND.-DOT.INIC.CR.SUPL.,1500512110.9408922
004 - REC.PROPRIO-ADM.IND.-DOT.INIC.CR.SUPL.,19909912 - OUTRAS RECEITAS - PRIMARIAS - MULTAS E JUROS,"115128,73",4.0,REC.PROPRIO-ADM.IND.-DOT.INIC.CR.SUPL.,598139.803842
004 - REC.PROPRIO-ADM.IND.-DOT.INIC.CR.SUPL.,19909921 - OUTRAS RECEITAS - FINANCEIRAS - PRINCIPAL,0,4.0,REC.PROPRIO-ADM.IND.-DOT.INIC.CR.SUPL.,0.0
004 - REC.PROPRIO-ADM.IND.-DOT.INIC.CR.SUPL.,22130011 - ALIENACAO BENS MOVEIS/SEMOVENTES- PRINCIPAL,"46658315,39",4.0,REC.PROPRIO-ADM.IND.-DOT.INIC.CR.SUPL.,242408611.777206
004 - REC.PROPRIO-ADM.IND.-DOT.INIC.CR.SUPL.,22200011 - ALIENACAO DE BENS IMOVEIS - PRINCIPAL,"742431,51",4.0,REC.PROPRIO-ADM.IND.-DOT.INIC.CR.SUPL.,3857228.6670540003
004 - REC.PROPRIO-ADM.IND.-DOT.INIC.CR.SUPL.,23000611 - AMORTIZACAO EMPRESTIMO CONTRATUAL-PRINCIPAL,"3676544,87",4.0,REC.PROPRIO-ADM.IND.-DOT.INIC.CR.SUPL.,19101121.217598002
004 - REC.PROPRIO-ADM.IND.-DOT.INIC.CR.SUPL.,24281021 - TRANSF.CONVENIO ESTADOS AO PROG. EDUC-PRINC,"92552,34",4.0,REC.PROPRIO-ADM.IND.-DOT.INIC.CR.SUPL.,480846.427236
004 - REC.PROPRIO-ADM.IND.-DOT.INIC.CR.SUPL.,29900011 - DEMAIS RECEITAS DE CAPITAL - PRINCIPAL,"25022622,03",4.0,REC.PROPRIO-ADM.IND.-DOT.INIC.CR.SUPL.,130002530.49466202
004 - REC.PROPRIO-ADM.IND.-DOT.INIC.CR.SUPL.,72180141 - CONTR.PATR.-PAGTO SENT.JUD.-RPPS,"630359,87",4.0,REC.PROPRIO-ADM.IND.-DOT.INIC.CR.SUPL.,3274971.668598
005 - RECURSOS VINCULADOS FEDERAIS,11130111 - IRRF - IMP.RENDA PESSOA FISICA-PRINCIPAL,"12216,16",5.0,RECURSOS VINCULADOS FEDERAIS,63467.837664
005 - RECURSOS VINCULADOS FEDERAIS,11130341 - IRRF-OUTROS RENDIMENTOS-PRINCIPAL,"47,25",5.0,RECURSOS VINCULADOS FEDERAIS,245.48265
005 - RECURSOS VINCULADOS FEDERAIS,13210011 - REMUNERACAO  DEPOSITOS BANCARIOS - PRINCIPAL,"68525137,74",5.0,RECURSOS VINCULADOS FEDERAIS,356015500.614396
005 - RECURSOS VINCULADOS FEDERAIS,17180171 - COTA-PARTE CIDE-CONT.INTERV. DOM.ECON.-PRINC,"143989219,79",5.0,RECURSOS VINCULADOS FEDERAIS,748081592.496966
005 - RECURSOS VINCULADOS FEDERAIS,17180351 - TRANSFERENCIA REC.SUS-GESTAO SUS - PRINCIPAL,"1760019458,19",5.0,RECURSOS VINCULADOS FEDERAIS,9144005093.080326
005 - RECURSOS VINCULADOS FEDERAIS,17180391 - TRANSF.REC.SUS-OUTRO PROG.TRANSF FDO/FDO-PRI,"3320851814,6",5.0,RECURSOS VINCULADOS FEDERAIS,17253153517.57284
005 - RECURSOS VINCULADOS FEDERAIS,17180511 - TRANSFERENCIA DO SALARIO-EDUCACAO - PRINCIPA,"2017084336,41",5.0,RECURSOS VINCULADOS FEDERAIS,10479559961.384516
005 - RECURSOS VINCULADOS FEDERAIS,17180521 - TRANF.DIRETA FNDE-PROG.DINHEIRO ESCOLA-PRINC,"61510961,48",5.0,RECURSOS VINCULADOS FEDERAIS,319574049.273192
005 - RECURSOS VINCULADOS FEDERAIS,17180531 - TRANF.DIRETA FNDE-PROG.NAC.ALIM. ESCOLA-PRIN,"180984572,11",5.0,RECURSOS VINCULADOS FEDERAIS,940287245.9402941
005 - RECURSOS VINCULADOS FEDERAIS,17180591 - OUTRAS TRANSF. DIRETAS DO FNDE - PRINCIPAL,"21244771,85",5.0,RECURSOS VINCULADOS FEDERAIS,110375087.66949001
005 - RECURSOS VINCULADOS FEDERAIS,17180811 - TRANSF.ADVINDA EMENDA PARLAM. INDIV-PRINCIPA,400000,5.0,RECURSOS VINCULADOS FEDERAIS,2078160.0
005 - RECURSOS VINCULADOS FEDERAIS,17181011 - TRANSF.CONVENIOS UNIAO PARA  SUS - PRINCIPAL,0,5.0,RECURSOS VINCULADOS FEDERAIS,0.0
005 - RECURSOS VINCULADOS FEDERAIS,17181021 - TRANSF.CONVENIO UNIAO A PROG.EDUCACAO-PRINC.,"254868,2",5.0,RECURSOS VINCULADOS FEDERAIS,1324142.24628
005 - RECURSOS VINCULADOS FEDERAIS,17181091 - OUTRAS TRANSF.CONVENIOS UNIAO - PRINCIPAL,"173145240,7",5.0,RECURSOS VINCULADOS FEDERAIS,899558783.5327799
005 - RECURSOS VINCULADOS FEDERAIS,17181211 - TRANSF.REC.FNAS-FDO NAC. ASSIST.SOC-PRINCIPA,1580100,5.0,RECURSOS VINCULADOS FEDERAIS,8209251.54
005 - RECURSOS VINCULADOS FEDERAIS,17189911 - OUTRAS TRANSFERENCIAS DA UNIAO - PRINCIPAL,"45037822,47",5.0,RECURSOS VINCULADOS FEDERAIS,233989502.860638
005 - RECURSOS VINCULADOS FEDERAIS,17281091 - OUTRAS TRANSF.CONVENIOS ESTADO-PRINCIPAL,"2549,96",5.0,RECURSOS VINCULADOS FEDERAIS,13248.062184
005 - RECURSOS VINCULADOS FEDERAIS,19100111 - MULTAS PREVISTAS LEG. ESPECIFICA-PRINCIPAL,"87034,56",5.0,RECURSOS VINCULADOS FEDERAIS,452179.353024
005 - RECURSOS VINCULADOS FEDERAIS,19100911 - MULTAS JUROS PREVISTOS EM CONTRATOS-PRINCIPA,"31,87",5.0,RECURSOS VINCULADOS FEDERAIS,165.57739800000002
005 - RECURSOS VINCULADOS FEDERAIS,19280291 - OUTRAS RESTITUICOES-ESPECIF.E/DF/M-PRINCIPAL,"7502630,53",5.0,RECURSOS VINCULADOS FEDERAIS,38979166.655562006
005 - RECURSOS VINCULADOS FEDERAIS,19900311 - COMPENSACAO FIN. ENTRE RGPS E RPPS-PRINCIPAL,"249866239,47",5.0,RECURSOS VINCULADOS FEDERAIS,1298155060.542438
005 - RECURSOS VINCULADOS FEDERAIS,19909911 - OUTRAS RECEITAS - PRIMARIAS - PRINCIPAL,"7869241,66",5.0,RECURSOS VINCULADOS FEDERAIS,40883858.120364
005 - RECURSOS VINCULADOS FEDERAIS,19909921 - OUTRAS RECEITAS - FINANCEIRAS - PRINCIPAL,0,5.0,RECURSOS VINCULADOS FEDERAIS,0.0
005 - RECURSOS VINCULADOS FEDERAIS,24180451 - TRANSF.RECURSOS SUS A GESTAO DO SUS-PRINCIPA,"761922,13",5.0,RECURSOS VINCULADOS FEDERAIS,3958490.2342020003
005 - RECURSOS VINCULADOS FEDERAIS,24180461 - OUTRAS TRANSFERENCIAS RECURSOS SUS-PRINCIPAL,"43124510,47",5.0,RECURSOS VINCULADOS FEDERAIS,224049081.695838
005 - RECURSOS VINCULADOS FEDERAIS,24181011 - TRANSF.CONVENIO DA UNIAO AO SUS-PRINCIPAL,1456060,5.0,RECURSOS VINCULADOS FEDERAIS,7564814.124000001
005 - RECURSOS VINCULADOS FEDERAIS,24181091 - OUTRAS TRANSF.CONVENIOS DA UNIAO-PRINCIPAL,"480230118,19",5.0,RECURSOS VINCULADOS FEDERAIS,2494987556.0443263
006 - OUTRAS FONTES DE RECURSOS,11130111 - IRRF - IMP.RENDA PESSOA FISICA-PRINCIPAL,"198987,31",6.0,OUTRAS FONTES DE RECURSOS,1033818.670374
006 - OUTRAS FONTES DE RECURSOS,11130341 - IRRF-OUTROS RENDIMENTOS-PRINCIPAL,"13923,44",6.0,OUTRAS FONTES DE RECURSOS,72337.84017600001
006 - OUTRAS FONTES DE RECURSOS,13210011 - REMUNERACAO  DEPOSITOS BANCARIOS - PRINCIPAL,"0,01",6.0,OUTRAS FONTES DE RECURSOS,0.051954
006 - OUTRAS FONTES DE RECURSOS,19100111 - MULTAS PREVISTAS LEG. ESPECIFICA-PRINCIPAL,"4570,58",6.0,OUTRAS FONTES DE RECURSOS,23745.991332
006 - OUTRAS FONTES DE RECURSOS,19909911 - OUTRAS RECEITAS - PRIMARIAS - PRINCIPAL,"1091474045,31",6.0,OUTRAS FONTES DE RECURSOS,5670644255.003574
007 - OP.CRED.E CONTRIB.DO EXTERIOR-DOT.INIC.CR.SU,13210011 - REMUNERACAO  DEPOSITOS BANCARIOS - PRINCIPAL,"105360136,2",7.0,OP.CRED.E CONTRIB.DO EXTERIOR-DOT.INIC.CR.SU,547388051.6134801
007 - OP.CRED.E CONTRIB.DO EXTERIOR-DOT.INIC.CR.SU,17180351 - TRANSFERENCIA REC.SUS-GESTAO SUS - PRINCIPAL,0,7.0,OP.CRED.E CONTRIB.DO EXTERIOR-DOT.INIC.CR.SU,0.0
007 - OP.CRED.E CONTRIB.DO EXTERIOR-DOT.INIC.CR.SU,19280291 - OUTRAS RESTITUICOES-ESPECIF.E/DF/M-PRINCIPAL,"371714,87",7.0,OP.CRED.E CONTRIB.DO EXTERIOR-DOT.INIC.CR.SU,1931207.435598
007 - OP.CRED.E CONTRIB.DO EXTERIOR-DOT.INIC.CR.SU,19901111 - VARIACAO CAMBIAL - PRINCIPAL,"21334791,81",7.0,OP.CRED.E CONTRIB.DO EXTERIOR-DOT.INIC.CR.SU,110842777.369674
007 - OP.CRED.E CONTRIB.DO EXTERIOR-DOT.INIC.CR.SU,21120011 - OPERACAO CRED.CONTRATUAL-MERC.INTERNO-PRINC,"706609812,5",7.0,OP.CRED.E CONTRIB.DO EXTERIOR-DOT.INIC.CR.SU,3671120619.8625
007 - OP.CRED.E CONTRIB.DO EXTERIOR-DOT.INIC.CR.SU,21180121 - OPERACAO CRED.INTERNO A PROG. SAUDE-PRINC,"6380117,58",7.0,OP.CRED.E CONTRIB.DO EXTERIOR-DOT.INIC.CR.SU,33147262.875132002
007 - OP.CRED.E CONTRIB.DO EXTERIOR-DOT.INIC.CR.SU,21220011 - OPERACAO CRED.CONTRATUAL-MERC.EXTERNO-PRINC,"1192871211,1",7.0,OP.CRED.E CONTRIB.DO EXTERIOR-DOT.INIC.CR.SU,6197443090.14894
007 - OP.CRED.E CONTRIB.DO EXTERIOR-DOT.INIC.CR.SU,21280121 - OPERACAO CRED.EXTERNO A PROG. SAUDE-PRINC,"153135347,71",7.0,OP.CRED.E CONTRIB.DO EXTERIOR-DOT.INIC.CR.SU,795599385.492534
007 - OP.CRED.E CONTRIB.DO EXTERIOR-DOT.INIC.CR.SU,21280131 - OPERACAO CRED.EXTERNO A PROG. SANEAM-PRINC,"23907579,11",7.0,OP.CRED.E CONTRIB.DO EXTERIOR-DOT.INIC.CR.SU,124209436.508094
007 - OP.CRED.E CONTRIB.DO EXTERIOR-DOT.INIC.CR.SU,21280141 - OPERACAO CRED.EXTERNO A PROG.MEIO AMB-PRINC,"172592483,47",7.0,OP.CRED.E CONTRIB.DO EXTERIOR-DOT.INIC.CR.SU,896686988.620038
041 - TESOURO - CREDITO POR SUPERAVIT FINANCEIRO,11130111 - IRRF - IMP.RENDA PESSOA FISICA-PRINCIPAL,0,41.0,TESOURO - CREDITO POR SUPERAVIT FINANCEIRO,0.0
041 - TESOURO - CREDITO POR SUPERAVIT FINANCEIRO,13210011 - REMUNERACAO  DEPOSITOS BANCARIOS - PRINCIPAL,"0,01",41.0,TESOURO - CREDITO POR SUPERAVIT FINANCEIRO,0.051954
041 - TESOURO - CREDITO POR SUPERAVIT FINANCEIRO,19100111 - MULTAS PREVISTAS LEG. ESPECIFICA-PRINCIPAL,0,41.0,TESOURO - CREDITO POR SUPERAVIT FINANCEIRO,0.0
042 - REC.VINC.ESTADUAIS-CRED.SUPERAVIT FINANCEIRO,11130111 - IRRF - IMP.RENDA PESSOA FISICA-PRINCIPAL,0,42.0,REC.VINC.ESTADUAIS-CRED.SUPERAVIT FINANCEIRO,0.0
042 - REC.VINC.ESTADUAIS-CRED.SUPERAVIT FINANCEIRO,13210011 - REMUNERACAO  DEPOSITOS BANCARIOS - PRINCIPAL,"5354,08",42.0,REC.VINC.ESTADUAIS-CRED.SUPERAVIT FINANCEIRO,27816.587232
042 - REC.VINC.ESTADUAIS-CRED.SUPERAVIT FINANCEIRO,19100111 - MULTAS PREVISTAS LEG. ESPECIFICA-PRINCIPAL,0,42.0,REC.VINC.ESTADUAIS-CRED.SUPERAVIT FINANCEIRO,0.0
042 - REC.VINC.ESTADUAIS-CRED.SUPERAVIT FINANCEIRO,19280291 - OUTRAS RESTITUICOES-ESPECIF.E/DF/M-PRINCIPAL,0,42.0,REC.VINC.ESTADUAIS-CRED.SUPERAVIT FINANCEIRO,0.0
043 - F.E.D - CREDITO POR SUPERAVIT FINANCEIRO,13210011 - REMUNERACAO  DEPOSITOS BANCARIOS - PRINCIPAL,0,43.0,F.E.D - CREDITO POR SUPERAVIT FINANCEIRO,0.0
044 - REC.PROP.ADM.IND-CRED.P/SUPERVAVIT FINANCEIR,13210011 - REMUNERACAO  DEPOSITOS BANCARIOS - PRINCIPAL,"555962,32",44.0,REC.PROP.ADM.IND-CRED.P/SUPERVAVIT FINANCEIR,2888446.637328
044 - REC.PROP.ADM.IND-CRED.P/SUPERVAVIT FINANCEIR,13450111 - OUTORGA DIREITO USO REC. HIDRICOS-PRINCIPAL,"4,8",44.0,REC.PROP.ADM.IND-CRED.P/SUPERVAVIT FINANCEIR,24.937920000000002
044 - REC.PROP.ADM.IND-CRED.P/SUPERVAVIT FINANCEIR,17481011 - OUTRA TRANSF.INST.PRIV. AO E/DF/M-PRINCIPAL,"16881,72",44.0,REC.PROP.ADM.IND-CRED.P/SUPERVAVIT FINANCEIR,87707.28808800002
044 - REC.PROP.ADM.IND-CRED.P/SUPERVAVIT FINANCEIR,19280291 - OUTRAS RESTITUICOES-ESPECIF.E/DF/M-PRINCIPAL,"1190,98",44.0,REC.PROP.ADM.IND-CRED.P/SUPERVAVIT FINANCEIR,6187.617492
044 - REC.PROP.ADM.IND-CRED.P/SUPERVAVIT FINANCEIR,19909911 - OUTRAS RECEITAS - PRIMARIAS - PRINCIPAL,"1824,98",44.0,REC.PROP.ADM.IND-CRED.P/SUPERVAVIT FINANCEIR,9481.501092
045 - REC.VINC.TRANSF.FEDERAL/SUPERAVIT FINANC.,11130341 - IRRF-OUTROS RENDIMENTOS-PRINCIPAL,0,45.0,REC.VINC.TRANSF.FEDERAL/SUPERAVIT FINANC.,0.0
045 - REC.VINC.TRANSF.FEDERAL/SUPERAVIT FINANC.,13210011 - REMUNERACAO  DEPOSITOS BANCARIOS - PRINCIPAL,"4,56",45.0,REC.VINC.TRANSF.FEDERAL/SUPERAVIT FINANC.,23.691024
045 - REC.VINC.TRANSF.FEDERAL/SUPERAVIT FINANC.,17180511 - TRANSFERENCIA DO SALARIO-EDUCACAO - PRINCIPA,0,45.0,REC.VINC.TRANSF.FEDERAL/SUPERAVIT FINANC.,0.0
045 - REC.VINC.TRANSF.FEDERAL/SUPERAVIT FINANC.,19280291 - OUTRAS RESTITUICOES-ESPECIF.E/DF/M-PRINCIPAL,"126,07",45.0,REC.VINC.TRANSF.FEDERAL/SUPERAVIT FINANC.,654.984078
047 - REC.OPERAC. DE CREDITO-P/SUPERAVIT FINANCEIR,11130111 - IRRF - IMP.RENDA PESSOA FISICA-PRINCIPAL,0,47.0,REC.OPERAC. DE CREDITO-P/SUPERAVIT FINANCEIR,0.0
047 - REC.OPERAC. DE CREDITO-P/SUPERAVIT FINANCEIR,13210011 - REMUNERACAO  DEPOSITOS BANCARIOS - PRINCIPAL,"110,26",47.0,REC.OPERAC. DE CREDITO-P/SUPERAVIT FINANCEIR,572.8448040000001
047 - REC.OPERAC. DE CREDITO-P/SUPERAVIT FINANCEIR,19280291 - OUTRAS RESTITUICOES-ESPECIF.E/DF/M-PRINCIPAL,0,47.0,REC.OPERAC. DE CREDITO-P/SUPERAVIT FINANCEIR,0.0
047 - REC.OPERAC. DE CREDITO-P/SUPERAVIT FINANCEIR,89100011 - INTEGRALIZACAO CAPITAL SOCIAL-PRINCIPAL INTR,"47621156,92",47.0,REC.OPERAC. DE CREDITO-P/SUPERAVIT FINANCEIR,247410958.66216803
081 - TESOURO-DOT.INICIAL E CRED.SUPLEMENTAR-INTRA,11130111 - IRRF - IMP.RENDA PESSOA FISICA-PRINCIPAL,0,81.0,TESOURO-DOT.INICIAL E CRED.SUPLEMENTAR-INTRA,0.0
081 - TESOURO-DOT.INICIAL E CRED.SUPLEMENTAR-INTRA,11130311 - IRRF-IMP. RENDA RET. FTE-TRABALHO-PRINCIPAL,"10002119,33",81.0,TESOURO-DOT.INICIAL E CRED.SUPLEMENTAR-INTRA,51965010.767082006
081 - TESOURO-DOT.INICIAL E CRED.SUPLEMENTAR-INTRA,11130341 - IRRF-OUTROS RENDIMENTOS-PRINCIPAL,0,81.0,TESOURO-DOT.INICIAL E CRED.SUPLEMENTAR-INTRA,0.0
081 - TESOURO-DOT.INICIAL E CRED.SUPLEMENTAR-INTRA,12180121 - CPSSS-SERV.CIVIL INATIVO - PRINCIPAL,"331,41",81.0,TESOURO-DOT.INICIAL E CRED.SUPLEMENTAR-INTRA,1721.8075140000003
081 - TESOURO-DOT.INICIAL E CRED.SUPLEMENTAR-INTRA,13100111 - ALUGUEIS E ARRENDAMENTOS - PRINCIPAL,0,81.0,TESOURO-DOT.INICIAL E CRED.SUPLEMENTAR-INTRA,0.0
081 - TESOURO-DOT.INICIAL E CRED.SUPLEMENTAR-INTRA,19100111 - MULTAS PREVISTAS LEG. ESPECIFICA-PRINCIPAL,"14314,66",81.0,TESOURO-DOT.INICIAL E CRED.SUPLEMENTAR-INTRA,74370.384564
081 - TESOURO-DOT.INICIAL E CRED.SUPLEMENTAR-INTRA,19280291 - OUTRAS RESTITUICOES-ESPECIF.E/DF/M-PRINCIPAL,0,81.0,TESOURO-DOT.INICIAL E CRED.SUPLEMENTAR-INTRA,0.0
081 - TESOURO-DOT.INICIAL E CRED.SUPLEMENTAR-INTRA,19909911 - OUTRAS RECEITAS - PRIMARIAS - PRINCIPAL,"13826,88",81.0,TESOURO-DOT.INICIAL E CRED.SUPLEMENTAR-INTRA,71836.172352
081 - TESOURO-DOT.INICIAL E CRED.SUPLEMENTAR-INTRA,72180311 - CPSSS PATRON-SERV.CIV.ATIVO - PRINCIPAL INTR,"5860714248,15",81.0,TESOURO-DOT.INICIAL E CRED.SUPLEMENTAR-INTRA,30448754804.83851
081 - TESOURO-DOT.INICIAL E CRED.SUPLEMENTAR-INTRA,72180711 - CONTRIB.PATRONAL-MILITAR ATIVO-PRINC INTRA,"1147646092,58",81.0,TESOURO-DOT.INICIAL E CRED.SUPLEMENTAR-INTRA,5962480509.390132
081 - TESOURO-DOT.INICIAL E CRED.SUPLEMENTAR-INTRA,72199931 - DEMAIS CONTRIBUICOES SOCIAIS - INSUFICIENCIA,"21853823216,43",81.0,TESOURO-DOT.INICIAL E CRED.SUPLEMENTAR-INTRA,113539353138.64043
081 - TESOURO-DOT.INICIAL E CRED.SUPLEMENTAR-INTRA,76100111 - SERVICOS ADM/COM. GERAIS-PRINCIPAL INTRA,"101746783,35",81.0,TESOURO-DOT.INICIAL E CRED.SUPLEMENTAR-INTRA,528615238.21659
081 - TESOURO-DOT.INICIAL E CRED.SUPLEMENTAR-INTRA,76380191 - OUTROS SERVICOS DE SAUDE-PRINCIPAL INTRA,"1300545972,74",81.0,TESOURO-DOT.INICIAL E CRED.SUPLEMENTAR-INTRA,6756856546.7733965
081 - TESOURO-DOT.INICIAL E CRED.SUPLEMENTAR-INTRA,76909911 - OUTROS SERVICOS -PRINCIPAL INTRAORCAMENTARIA,"110380284,1",81.0,TESOURO-DOT.INICIAL E CRED.SUPLEMENTAR-INTRA,573469728.01314
081 - TESOURO-DOT.INICIAL E CRED.SUPLEMENTAR-INTRA,79220311 - RESTITUICAO BENEFICIOS PREV-PRINCIPAL INTRA,"3826,09",81.0,TESOURO-DOT.INICIAL E CRED.SUPLEMENTAR-INTRA,19878.067986000002
081 - TESOURO-DOT.INICIAL E CRED.SUPLEMENTAR-INTRA,79229911 - OUTRAS RESTITUICOES-PRINC INTRAORCAMENTARIAS,"336971056,6",81.0,TESOURO-DOT.INICIAL E CRED.SUPLEMENTAR-INTRA,1750699427.4596403
081 - TESOURO-DOT.INICIAL E CRED.SUPLEMENTAR-INTRA,89100011 - INTEGRALIZACAO CAPITAL SOCIAL-PRINCIPAL INTR,"196542192,36",81.0,TESOURO-DOT.INICIAL E CRED.SUPLEMENTAR-INTRA,1021115306.1871442
081 - TESOURO-DOT.INICIAL E CRED.SUPLEMENTAR-INTRA,89900011 - DEMAIS RECEITAS DE CAPITAL-PRINCIPAL INTRA,"29097212,89",81.0,TESOURO-DOT.INICIAL E CRED.SUPLEMENTAR-INTRA,151171659.848706
082 - RECURSOS VINCULADOS ESTADUAIS-INTRA,72180311 - CPSSS PATRON-SERV.CIV.ATIVO - PRINCIPAL INTR,"189805098,62",82.0,RECURSOS VINCULADOS ESTADUAIS-INTRA,986113409.3703481
082 - RECURSOS VINCULADOS ESTADUAIS-INTRA,72199931 - DEMAIS CONTRIBUICOES SOCIAIS - INSUFICIENCIA,"216365188,9",82.0,RECURSOS VINCULADOS ESTADUAIS-INTRA,1124103702.41106
083 - RECURSOS VINCULADOS-FUNDO ESP. DESPESA-INTRA,13210011 - REMUNERACAO  DEPOSITOS BANCARIOS - PRINCIPAL,"139587,84",83.0,RECURSOS VINCULADOS-FUNDO ESP. DESPESA-INTRA,725214.663936
083 - RECURSOS VINCULADOS-FUNDO ESP. DESPESA-INTRA,76909911 - OUTROS SERVICOS -PRINCIPAL INTRAORCAMENTARIA,"36335969,4",83.0,RECURSOS VINCULADOS-FUNDO ESP. DESPESA-INTRA,188779895.42076
083 - RECURSOS VINCULADOS-FUNDO ESP. DESPESA-INTRA,89900011 - DEMAIS RECEITAS DE CAPITAL-PRINCIPAL INTRA,"11267431,79",83.0,RECURSOS VINCULADOS-FUNDO ESP. DESPESA-INTRA,58538815.121766
084 - REC.PROPRIO-ADM.IND.-DOT.INIC.CR.SUPL.-INTRA,13210011 - REMUNERACAO  DEPOSITOS BANCARIOS - PRINCIPAL,"68312,35",84.0,REC.PROPRIO-ADM.IND.-DOT.INIC.CR.SUPL.-INTRA,354909.98319000006
084 - REC.PROPRIO-ADM.IND.-DOT.INIC.CR.SUPL.-INTRA,72180311 - CPSSS PATRON-SERV.CIV.ATIVO - PRINCIPAL INTR,"563691,68",84.0,REC.PROPRIO-ADM.IND.-DOT.INIC.CR.SUPL.-INTRA,2928603.7542720004
084 - REC.PROPRIO-ADM.IND.-DOT.INIC.CR.SUPL.-INTRA,74000011 - RECEITA AGROPECUARIA - PRINCIPAL INTRAORCAME,"3744291,08",84.0,REC.PROPRIO-ADM.IND.-DOT.INIC.CR.SUPL.-INTRA,19453089.877032
085 - RECURSOS VINCULADOS FEDERAIS-INTRA,72199931 - DEMAIS CONTRIBUICOES SOCIAIS - INSUFICIENCIA,"8215689,49",85.0,RECURSOS VINCULADOS FEDERAIS-INTRA,42683793.176346004
085 - RECURSOS VINCULADOS FEDERAIS-INTRA,76909911 - OUTROS SERVICOS -PRINCIPAL INTRAORCAMENTARIA,"142483375,1",85.0,RECURSOS VINCULADOS FEDERAIS-INTRA,740258126.99454
085 - RECURSOS VINCULADOS FEDERAIS-INTRA,89100011 - INTEGRALIZACAO CAPITAL SOCIAL-PRINCIPAL INTR,"62713271,63",85.0,RECURSOS VINCULADOS FEDERAIS-INTRA,325820531.42650205
085 - RECURSOS VINCULADOS FEDERAIS-INTRA,89900011 - DEMAIS RECEITAS DE CAPITAL-PRINCIPAL INTRA,"12392104,67",85.0,RECURSOS VINCULADOS FEDERAIS-INTRA,64381940.602518
086 - OUTRAS FONTES DE RECURSOS-INTRA,89100011 - INTEGRALIZACAO CAPITAL SOCIAL-PRINCIPAL INTR,"137377128,78",86.0,OUTRAS FONTES DE RECURSOS-INTRA,713729134.863612
087 - OP.CRED.CONTR.EXTERIOR-DOT.INIC.CR.SUP-INTRA,89100011 - INTEGRALIZACAO CAPITAL SOCIAL-PRINCIPAL INTR,"46441531,83",87.0,OP.CRED.CONTR.EXTERIOR-DOT.INIC.CR.SUP-INTRA,241282334.469582
099 - EXTRA ORCAMENTARIA,13210011 - REMUNERACAO  DEPOSITOS BANCARIOS - PRINCIPAL,0,99.0,EXTRA ORCAMENTARIA,0.0
,TOTAL,"257443703586,69",,,1337523017614.2893
